time,lat,lon,alt,type
2026-05-28 16:45:00+00:00,33.13492,132.50477,6.0,balloon
2026-05-28 16:46:00+00:00,33.1316956224844,132.50639297506407,306.0,balloon
2026-05-28 16:47:00+00:00,33.1270606075809,132.51028742207262,606.0,balloon
2026-05-28 16:48:00+00:00,33.12200673691534,132.51610295629206,906.0,balloon
2026-05-28 16:49:00+00:00,33.116415476115954,132.52269883802686,1206.0,balloon
2026-05-28 16:50:00+00:00,33.11067716595923,132.5291866776336,1506.0,balloon
2026-05-28 16:51:00+00:00,33.1053958586472,132.5350624748857,1806.0,balloon
2026-05-28 16:52:00+00:00,33.10098068391267,132.5408453275608,2106.0,balloon
2026-05-28 16:53:00+00:00,33.09772542828645,132.547125168957,2406.0,balloon
2026-05-28 16:54:00+00:00,33.0956105897585,132.55406596509044,2706.0,balloon
2026-05-28 16:55:00+00:00,33.09445297824029,132.5618246614024,3006.0,balloon
2026-05-28 16:56:00+00:00,33.09392553139214,132.57052646585572,3306.0,balloon
2026-05-28 16:57:00+00:00,33.09370793855548,132.58025920468248,3606.0,balloon
2026-05-28 16:58:00+00:00,33.09355588434202,132.59101636929884,3906.0,balloon
2026-05-28 16:59:00+00:00,33.09330253086401,132.6027003314608,4206.0,balloon
2026-05-28 17:00:00+00:00,33.09293028826188,132.61523590306595,4506.0,balloon
2026-05-28 17:01:00+00:00,33.09257521494537,132.62857856580453,4806.0,balloon
2026-05-28 17:02:00+00:00,33.09220860339397,132.64249553068456,5106.0,balloon
2026-05-28 17:03:00+00:00,33.091684956259535,132.6567853059912,5406.0,balloon
2026-05-28 17:04:00+00:00,33.091112020555194,132.67142943638535,5706.0,balloon
2026-05-28 17:05:00+00:00,33.090760109024,132.6864723237188,6006.0,balloon
2026-05-28 17:06:00+00:00,33.09088958054842,132.7018554683796,6306.0,balloon
2026-05-28 17:07:00+00:00,33.09128001233915,132.71743111157753,6606.0,balloon
2026-05-28 17:08:00+00:00,33.091613237122075,132.7330096716253,6906.0,balloon
2026-05-28 17:09:00+00:00,33.09156315255856,132.74841529504477,7206.0,balloon
2026-05-28 17:10:00+00:00,33.09099455341274,132.76375836849266,7506.0,balloon
2026-05-28 17:11:00+00:00,33.089946054933186,132.7791881772088,7806.0,balloon
2026-05-28 17:12:00+00:00,33.0885315770652,132.79490155831832,8106.0,balloon
2026-05-28 17:13:00+00:00,33.087083995844836,132.8108884719986,8406.0,balloon
2026-05-28 17:14:00+00:00,33.085732663758414,132.82715200165686,8706.0,balloon
2026-05-28 17:15:00+00:00,33.0842629107034,132.84372423301076,9006.0,balloon
2026-05-28 17:16:00+00:00,33.082597155767715,132.86069447737847,9306.0,balloon
2026-05-28 17:17:00+00:00,33.080614805214694,132.87831961028243,9606.0,balloon
2026-05-28 17:18:00+00:00,33.078040106898165,132.89665652363354,9906.0,balloon
2026-05-28 17:19:00+00:00,33.07422249384333,132.91581149276186,10206.0,balloon
2026-05-28 17:20:00+00:00,33.06936347625307,132.93576930558365,10506.0,balloon
2026-05-28 17:21:00+00:00,33.0642483401982,132.95647251650885,10806.0,balloon
2026-05-28 17:22:00+00:00,33.058988607112276,132.977856782213,11106.0,balloon
2026-05-28 17:23:00+00:00,33.05438908138247,132.99922093206632,11406.0,balloon
2026-05-28 17:24:00+00:00,33.05058168451241,133.02045827962954,11706.0,balloon
2026-05-28 17:25:00+00:00,33.047162586354524,133.04163784521907,12006.0,balloon
2026-05-28 17:26:00+00:00,33.043783397252824,133.06281309096167,12306.0,balloon
2026-05-28 17:27:00+00:00,33.04043060997656,133.0839665431795,12606.0,balloon
2026-05-28 17:28:00+00:00,33.03684062886004,133.10495711548677,12906.0,balloon
2026-05-28 17:29:00+00:00,33.03296601587853,133.1257598365615,13206.0,balloon
2026-05-28 17:30:00+00:00,33.028898057611606,133.14633243029618,13506.0,balloon
2026-05-28 17:31:00+00:00,33.02521852587907,133.16639500511835,13806.0,balloon
2026-05-28 17:32:00+00:00,33.02197110997192,133.18593700162043,14106.0,balloon
2026-05-28 17:33:00+00:00,33.01913089546024,133.20497865238204,14406.0,balloon
2026-05-28 17:34:00+00:00,33.016517995715354,133.22357632676838,14706.0,balloon
2026-05-28 17:35:00+00:00,33.0140783148409,133.2417659757182,15006.0,balloon
2026-05-28 17:36:00+00:00,33.01181420808012,133.25957188514874,15306.0,balloon
2026-05-28 17:37:00+00:00,33.009825136462574,133.27688100353166,15606.0,balloon
2026-05-28 17:38:00+00:00,33.00849431784806,133.29317153103042,15906.0,balloon
2026-05-28 17:39:00+00:00,33.00785806239727,133.30839904783733,16206.0,balloon
2026-05-28 17:40:00+00:00,33.0079188291586,133.32256234752182,16506.0,balloon
2026-05-28 17:41:00+00:00,33.00865407788018,133.33565567088505,16806.0,balloon
2026-05-28 17:42:00+00:00,33.009680509838105,133.3476014960384,17106.0,balloon
2026-05-28 17:43:00+00:00,33.01081938237922,133.3583508329683,17406.0,balloon
2026-05-28 17:44:00+00:00,33.012074310899735,133.3678889598185,17706.0,balloon
2026-05-28 17:45:00+00:00,33.01344922039355,133.37620296190997,18006.0,balloon
2026-05-28 17:46:00+00:00,33.014948341899604,133.383281802582,18306.0,balloon
2026-05-28 17:47:00+00:00,33.01657620843189,133.3891163869386,18606.0,balloon
2026-05-28 17:48:00+00:00,33.018312920624545,133.39373658794293,18906.0,balloon
2026-05-28 17:49:00+00:00,33.01983780676202,133.3976211240794,19206.0,balloon
2026-05-28 17:50:00+00:00,33.02104799378411,133.40091664239236,19506.0,balloon
2026-05-28 17:51:00+00:00,33.02194153267976,133.40361882885063,19806.0,balloon
2026-05-28 17:52:00+00:00,33.0225168505813,133.40572369559135,20106.0,balloon
2026-05-28 17:53:00+00:00,33.022772757825585,133.40722757819523,20406.0,balloon
2026-05-28 17:54:00+00:00,33.022708452051695,133.40812713675618,20706.0,balloon
2026-05-28 17:55:00+00:00,33.02240947137732,133.40847384088673,21006.0,balloon
2026-05-28 17:56:00+00:00,33.022177493452936,133.40845818711824,21306.0,balloon
2026-05-28 17:57:00+00:00,33.022037586978044,133.40809739656976,21606.0,balloon
2026-05-28 17:58:00+00:00,33.021990955014,133.40739346038083,21906.0,balloon
2026-05-28 17:59:00+00:00,33.0220388232346,133.4063481824886,22206.0,balloon
2026-05-28 18:00:00+00:00,33.02218244446409,133.40496317780705,22506.0,balloon
2026-05-28 18:01:00+00:00,33.0224245378831,133.40323716350076,22806.0,balloon
2026-05-28 18:02:00+00:00,33.0227675371414,133.40116872566063,23106.0,balloon
2026-05-28 18:03:00+00:00,33.02321230993747,133.39875900431136,23406.0,balloon
2026-05-28 18:04:00+00:00,33.023759750419316,133.39600896474974,23706.0,balloon
2026-05-28 18:05:00+00:00,33.024410464780075,133.3929192667694,24006.0,balloon
2026-05-28 18:06:00+00:00,33.025130959615794,133.38947545361327,24306.0,balloon
2026-05-28 18:07:00+00:00,33.02588793309656,133.38566336122395,24606.0,balloon
2026-05-28 18:08:00+00:00,33.02667834104834,133.38148217709187,24906.0,balloon
2026-05-28 18:09:00+00:00,33.027499097293195,133.37693100491163,25206.0,balloon
2026-05-28 18:10:00+00:00,33.028347078493624,133.37200886346287,25506.0,balloon
2026-05-28 18:11:00+00:00,33.029219128867624,133.36671468542812,25806.0,balloon
2026-05-28 18:12:00+00:00,33.030112064768375,133.3610473161473,26106.0,balloon
2026-05-28 18:13:00+00:00,33.03102267912323,133.35500551230842,26406.0,balloon
2026-05-28 18:14:00+00:00,33.0319399528609,133.3486012587749,26706.0,balloon
2026-05-28 18:15:00+00:00,33.03275344919477,133.34201856505237,27006.0,balloon
2026-05-28 18:16:00+00:00,33.033426026050485,133.33532212476496,27306.0,balloon
2026-05-28 18:17:00+00:00,33.03395918290454,133.32851133571785,27606.0,balloon
2026-05-28 18:18:00+00:00,33.03435440240229,133.3215855497002,27906.0,balloon
2026-05-28 18:19:00+00:00,33.03461315105851,133.31454407370003,28206.0,balloon
2026-05-28 18:20:00+00:00,33.034736879876355,133.30738617109537,28506.0,balloon
2026-05-28 18:21:00+00:00,33.03472702488305,133.30011106281992,28806.0,balloon
2026-05-28 18:22:00+00:00,33.034585007580034,133.29271792850165,29106.0,balloon
2026-05-28 18:23:00+00:00,33.03431223530593,133.28520590757245,29406.0,balloon
2026-05-28 18:24:00+00:00,33.033910101510045,133.27757410034772,29706.0,balloon
2026-05-28 18:24:58.593750+00:00,33.03339241051839,133.2700032690255,29998.96875,balloon
2026-05-28 18:24:58.593750+00:00,33.03339241051839,133.2700032690255,29998.96875,balloon
2026-05-28 18:25:58.593750+00:00,33.033290359564596,133.2626531558614,27716.64010273417,balloon
2026-05-28 18:26:58.593750+00:00,33.033993277070024,133.2562488270119,25796.014745209977,balloon
2026-05-28 18:27:58.593750+00:00,33.03478659357137,133.2519196640105,24152.05104031504,balloon
2026-05-28 18:28:58.593750+00:00,33.03535918432513,133.24950202805607,22699.21337174769,balloon
2026-05-28 18:29:58.593750+00:00,33.03544761500779,133.24866304609807,21395.23643418954,balloon
2026-05-28 18:30:58.593750+00:00,33.035239320641516,133.24932591629315,20212.43023791391,balloon
2026-05-28 18:31:58.593750+00:00,33.03600077552501,133.2520809466247,19130.17767768543,balloon
2026-05-28 18:32:58.593750+00:00,33.03744496315873,133.257312729713,18132.713550662407,balloon
2026-05-28 18:33:58.593750+00:00,33.038563035743216,133.26628391167515,17207.712249620476,balloon
2026-05-28 18:34:58.593750+00:00,33.039182644638025,133.27886854587948,16345.354655120698,balloon
2026-05-28 18:35:58.593750+00:00,33.038027547379166,133.2947394874252,15537.69145205899,balloon
2026-05-28 18:36:58.593750+00:00,33.03551935014279,133.31302025557235,14778.196589806243,balloon
2026-05-28 18:37:58.593750+00:00,33.032562327425104,133.33245973558607,14061.446566671646,balloon
2026-05-28 18:38:58.593750+00:00,33.029072592174536,133.35284488181767,13382.885253701927,balloon
2026-05-28 18:39:58.593750+00:00,33.0255047699877,133.373893706477,12738.648261245955,balloon
2026-05-28 18:40:58.593750+00:00,33.02227734322923,133.3952967547879,12125.429626532257,balloon
2026-05-28 18:41:58.593750+00:00,33.01861672502386,133.41682651329512,11540.379145519379,balloon
2026-05-28 18:42:58.593750+00:00,33.013702976709276,133.43811151015825,10980.951943690745,balloon
2026-05-28 18:43:58.593750+00:00,33.00820495653701,133.4584079828585,10442.56401102698,balloon
2026-05-28 18:44:58.593750+00:00,33.003639309082395,133.47713867297387,9921.753573226057,balloon
2026-05-28 18:45:58.593750+00:00,33.00106589710389,133.49439799971486,9417.167794239773,balloon
2026-05-28 18:46:58.593750+00:00,32.99959732527175,133.51062268395563,8927.612682009996,balloon
2026-05-28 18:47:58.593750+00:00,32.9987543083375,133.52638143716092,8452.028549293875,balloon
2026-05-28 18:48:58.593750+00:00,32.9983993356411,133.54156900354567,7989.470102123457,balloon
2026-05-28 18:49:58.593750+00:00,32.99862782558583,133.55621408735425,7539.090137609129,balloon
2026-05-28 18:50:58.593750+00:00,32.99936979748976,133.57092265377725,7100.126086524782,balloon
2026-05-28 18:51:58.593750+00:00,33.000300022767895,133.58590121407525,6671.8888197590995,balloon
2026-05-28 18:52:58.593750+00:00,33.00111225615641,133.60081001659404,6253.753272402829,balloon
2026-05-28 18:53:58.593750+00:00,33.00154568652282,133.61561081932555,5845.150539225928,balloon
2026-05-28 18:54:58.593750+00:00,33.00137470036987,133.63028193093112,5445.561170359111,balloon
2026-05-28 18:55:58.593750+00:00,33.00070442523985,133.64473004750366,5054.509452933288,balloon
2026-05-28 18:56:58.593750+00:00,32.9998652026249,133.65877522564793,4671.558508042064,balloon
2026-05-28 18:57:58.593750+00:00,32.999134565892234,133.67218969729703,4296.306066098649,balloon
2026-05-28 18:58:58.593750+00:00,32.99864220409481,133.68473285817197,3928.3808099290295,balloon
2026-05-28 18:59:58.593750+00:00,32.998344848242695,133.6962300490636,3567.439195580446,balloon
2026-05-28 19:00:58.593750+00:00,32.998132501349616,133.70661574027292,3213.1626771563992,balloon
2026-05-28 19:01:58.593750+00:00,32.99782942212683,133.7157785645249,2865.2552750047153,balloon
2026-05-28 19:02:58.593750+00:00,32.99708732420525,133.72353631646897,2523.441437025484,balloon
2026-05-28 19:03:58.593750+00:00,32.995528727278504,133.72982619275308,2187.464151292262,balloon
2026-05-28 19:04:58.593750+00:00,32.992924183511015,133.7345135288644,1857.0832750210495,balloon
2026-05-28 19:05:58.593750+00:00,32.9898355765497,133.7377323902676,1532.074050506348,balloon
2026-05-28 19:06:58.593750+00:00,32.98690890553262,133.74031529694437,1212.2257832267242,balloon
2026-05-28 19:07:58.593750+00:00,32.98415539436695,133.74281118307368,897.3406611021888,balloon
2026-05-28 19:08:58.593750+00:00,32.98156654337863,133.7455058269257,587.2326970179255,balloon
2026-05-28 19:09:58.593750+00:00,32.97936207287166,133.74875141432548,281.72677933612266,balloon
2026-05-28 19:10:54.375000+00:00,32.978041873094725,133.75192512640527,1.8267286906231597,balloon
2026-05-28 19:10:54.375000,32.877235193846445,133.50696672185362,0.0,drift_mean
2026-05-28 19:20:54.375000,32.87740113146478,133.507058717934,0.0,drift_mean
2026-05-28 19:30:54.375000,32.87756706908311,133.50715071418654,0.0,drift_mean
2026-05-28 19:40:54.375000,32.87773300670145,133.5072427106113,0.0,drift_mean
2026-05-28 19:50:54.375000,32.87789894431978,133.50733470720832,0.0,drift_mean
2026-05-28 20:00:54.375000,32.878064881938116,133.50742670397756,0.0,drift_mean
2026-05-28 20:10:54.375000,32.87823081955645,133.50751870091904,0.0,drift_mean
2026-05-28 20:20:54.375000,32.878396757174784,133.5076106980327,0.0,drift_mean
2026-05-28 20:30:54.375000,32.87856269479312,133.50770269531859,0.0,drift_mean
2026-05-28 20:40:54.375000,32.87872863241145,133.5077946927767,0.0,drift_mean
2026-05-28 20:50:54.375000,32.878894570029786,133.50788669040708,0.0,drift_mean
2026-05-28 21:00:54.375000,32.87906050764812,133.50797868820962,0.0,drift_mean
2026-05-28 21:10:54.375000,32.879226445266454,133.5080706861844,0.0,drift_mean
2026-05-28 21:20:54.375000,32.87939238288479,133.5081626843314,0.0,drift_mean
2026-05-28 21:30:54.375000,32.87955832050312,133.50825468265066,0.0,drift_mean
2026-05-28 21:40:54.375000,32.879724258121456,133.50834668114214,0.0,drift_mean
2026-05-28 21:50:54.375000,32.87989019573979,133.50843867980586,0.0,drift_mean
2026-05-28 22:00:54.375000,32.880056133358124,133.50853067864182,0.0,drift_mean
2026-05-28 22:10:54.375000,32.88022207097646,133.50862267765,0.0,drift_mean
2026-05-28 22:20:54.375000,32.88038800859479,133.50871467683044,0.0,drift_mean
2026-05-28 22:30:54.375000,32.880553946213126,133.5088066761831,0.0,drift_mean
2026-05-28 22:40:54.375000,32.88071988383146,133.50889867570805,0.0,drift_mean
2026-05-28 22:50:54.375000,32.880885821449795,133.50899067540524,0.0,drift_mean
2026-05-28 23:00:54.375000,32.88105175906813,133.50908267527467,0.0,drift_mean
2026-05-28 23:10:54.375000,32.88121769668646,133.50917467531633,0.0,drift_mean
2026-05-28 23:20:54.375000,32.8813836343048,133.50926667553028,0.0,drift_mean
2026-05-28 23:30:54.375000,32.88154957192313,133.50935867591647,0.0,drift_mean
2026-05-28 23:40:54.375000,32.881715509541465,133.5094506764749,0.0,drift_mean
2026-05-28 23:50:54.375000,32.8818814471598,133.50954267720556,0.0,drift_mean
2026-05-29 00:00:54.375000,32.88204738477813,133.5096346781085,0.0,drift_mean
2026-05-29 00:10:54.375000,32.88221332239647,133.5097266791837,0.0,drift_mean
2026-05-29 00:20:54.375000,32.8823792600148,133.50981868043118,0.0,drift_mean
2026-05-29 00:30:54.375000,32.882545197633135,133.5099106818509,0.0,drift_mean
2026-05-29 00:40:54.375000,32.88271113525147,133.51000268344285,0.0,drift_mean
2026-05-29 00:50:54.375000,32.8828770728698,133.5100946852071,0.0,drift_mean
2026-05-29 01:00:54.375000,32.88304301048814,133.51018668714357,0.0,drift_mean
2026-05-29 01:10:54.375000,32.88320894810647,133.51027868925235,0.0,drift_mean
